27.04.2019;Altagracia A
27.04.2019;Barty B
27.04.2019;Claretha C
27.04.2019;Dwayne D
04.05.2019;Enoch E
04.05.2019;Fermina F
04.05.2019;Gretchen G
04.05.2019;Hansi H
11.05.2019;Isebel I
11.05.2019;Justina J
11.05.2019;Karl K
11.05.2019;Lera L
18.05.2019;Miguelina M
18.05.2019;Nagini N
18.05.2019;Ostara O
18.05.2019;Pamella P
25.05.2019;Quentin Q
25.05.2019;Rea R
25.05.2019;Shenita S
25.05.2019;Twyla T
01.06.2019;Ulf U
01.06.2019;Vera V
01.06.2019;Walter W
01.06.2019;Xander X
08.06.2019;Yara Y
08.06.2019;Zulu Z
08.06.2019;Altagracia A
08.06.2019;Barty B
15.06.2019;Claretha C
15.06.2019;Dwayne D
15.06.2019;Enoch E
15.06.2019;Fermina F
22.06.2019;Gretchen G
22.06.2019;Hansi H
22.06.2019;Isebel I
22.06.2019;Justina J
29.06.2019;Karl K
29.06.2019;Lera L
29.06.2019;Miguelina M
29.06.2019;Nagini N
06.07.2019;Ostara O
06.07.2019;Pamella P
06.07.2019;Quentin Q
06.07.2019;Rea R
13.07.2019;Shenita S
13.07.2019;Twyla T
13.07.2019;Ulf U
13.07.2019;Vera V
20.07.2019;Walter W
20.07.2019;Xander X
20.07.2019;Yara Y
20.07.2019;Zulu Z
27.07.2019;Altagracia A
27.07.2019;Barty B
27.07.2019;Claretha C
27.07.2019;Dwayne D
03.08.2019;Enoch E
03.08.2019;Fermina F
03.08.2019;Gretchen G
03.08.2019;Hansi H
10.08.2019;Isebel I
10.08.2019;Justina J
10.08.2019;Karl K
10.08.2019;Lera L
17.08.2019;Miguelina M
17.08.2019;Nagini N
17.08.2019;Ostara O
17.08.2019;Pamella P
24.08.2019;Quentin Q
24.08.2019;Rea R
24.08.2019;Shenita S
24.08.2019;Twyla T
31.08.2019;Ulf U
31.08.2019;Vera V
31.08.2019;Walter W
31.08.2019;Xander X
07.09.2019;Yara Y
07.09.2019;Zulu Z
07.09.2019;Altagracia A
07.09.2019;Barty B
14.09.2019;Claretha C
14.09.2019;Dwayne D
14.09.2019;Enoch E
14.09.2019;Fermina F
21.09.2019;Gretchen G
21.09.2019;Hansi H
21.09.2019;Isebel I
21.09.2019;Justina J
28.09.2019;Karl K
28.09.2019;Lera L
28.09.2019;Miguelina M
28.09.2019;Nagini N
05.10.2019;Ostara O
05.10.2019;Pamella P
05.10.2019;Quentin Q
05.10.2019;Rea R
12.10.2019;Shenita S
12.10.2019;Twyla T
12.10.2019;Ulf U
12.10.2019;Vera V
19.10.2019;Walter W
19.10.2019;Xander X
19.10.2019;Yara Y
19.10.2019;Zulu Z
26.10.2019;Altagracia A
26.10.2019;Barty B
26.10.2019;Claretha C
26.10.2019;Dwayne D
02.11.2019;Enoch E
02.11.2019;Fermina F
02.11.2019;Gretchen G
02.11.2019;Hansi H
09.11.2019;Isebel I
09.11.2019;Justina J
09.11.2019;Karl K
09.11.2019;Lera L
16.11.2019;Miguelina M
16.11.2019;Nagini N
16.11.2019;Ostara O
16.11.2019;Pamella P
23.11.2019;Quentin Q
23.11.2019;Rea R
23.11.2019;Shenita S
23.11.2019;Twyla T
30.11.2019;Ulf U
30.11.2019;Vera V
30.11.2019;Walter W
30.11.2019;Xander X
07.12.2019;Yara Y
07.12.2019;Zulu Z
07.12.2019;Altagracia A
07.12.2019;Barty B
14.12.2019;Claretha C
14.12.2019;Dwayne D
14.12.2019;Enoch E
14.12.2019;Fermina F
21.12.2019;Gretchen G
21.12.2019;Hansi H
21.12.2019;Isebel I
21.12.2019;Justina J
28.12.2019;Karl K
28.12.2019;Lera L
28.12.2019;Miguelina M
28.12.2019;Nagini N
04.01.2020;Ostara O
04.01.2020;Pamella P
04.01.2020;Quentin Q
04.01.2020;Rea R
11.01.2020;Shenita S
11.01.2020;Twyla T
11.01.2020;Ulf U
11.01.2020;Vera V
18.01.2020;Walter W
18.01.2020;Xander X
18.01.2020;Yara Y
18.01.2020;Zulu Z
25.01.2020;Altagracia A
25.01.2020;Barty B
25.01.2020;Claretha C
25.01.2020;Dwayne D
01.02.2020;Enoch E
01.02.2020;Fermina F
01.02.2020;Gretchen G
01.02.2020;Hansi H
08.02.2020;Isebel I
08.02.2020;Justina J
08.02.2020;Karl K
08.02.2020;Lera L
15.02.2020;Miguelina M
15.02.2020;Nagini N
15.02.2020;Ostara O
15.02.2020;Pamella P
22.02.2020;Quentin Q
22.02.2020;Rea R
22.02.2020;Shenita S
22.02.2020;Twyla T
29.02.2020;Ulf U
29.02.2020;Vera V
29.02.2020;Walter W
29.02.2020;Xander X
07.03.2020;Yara Y
07.03.2020;Zulu Z
07.03.2020;Altagracia A
07.03.2020;Barty B
14.03.2020;Claretha C
14.03.2020;Dwayne D
14.03.2020;Enoch E
14.03.2020;Fermina F
21.03.2020;Gretchen G
21.03.2020;Hansi H
21.03.2020;Isebel I
21.03.2020;Justina J
28.03.2020;Karl K
28.03.2020;Lera L
28.03.2020;Miguelina M
28.03.2020;Nagini N
04.04.2020;Ostara O
04.04.2020;Pamella P
04.04.2020;Quentin Q
04.04.2020;Rea R
11.04.2020;Shenita S
11.04.2020;Twyla T
11.04.2020;Ulf U
11.04.2020;Vera V
18.04.2020;Walter W
18.04.2020;Xander X
18.04.2020;Yara Y
18.04.2020;Zulu Z
25.04.2020;Altagracia A
25.04.2020;Barty B
25.04.2020;Claretha C
25.04.2020;Dwayne D
02.05.2020;Enoch E
02.05.2020;Fermina F
02.05.2020;Gretchen G
02.05.2020;Hansi H
09.05.2020;Isebel I
09.05.2020;Justina J
09.05.2020;Karl K
09.05.2020;Lera L
16.05.2020;Miguelina M
16.05.2020;Nagini N
16.05.2020;Ostara O
16.05.2020;Pamella P
23.05.2020;Quentin Q
23.05.2020;Rea R
23.05.2020;Shenita S
23.05.2020;Twyla T
30.05.2020;Ulf U
30.05.2020;Vera V
30.05.2020;Walter W
30.05.2020;Xander X
06.06.2020;Yara Y
06.06.2020;Zulu Z
06.06.2020;Altagracia A
06.06.2020;Barty B
13.06.2020;Claretha C
13.06.2020;Dwayne D
13.06.2020;Enoch E
13.06.2020;Fermina F
20.06.2020;Gretchen G
20.06.2020;Hansi H
20.06.2020;Isebel I
20.06.2020;Justina J
27.06.2020;Karl K
27.06.2020;Lera L
27.06.2020;Miguelina M
27.06.2020;Nagini N
04.07.2020;Ostara O
04.07.2020;Pamella P
04.07.2020;Quentin Q
04.07.2020;Rea R
11.07.2020;Shenita S
11.07.2020;Twyla T
11.07.2020;Ulf U
11.07.2020;Vera V
18.07.2020;Walter W
18.07.2020;Xander X
18.07.2020;Yara Y
18.07.2020;Zulu Z
25.07.2020;Altagracia A
25.07.2020;Barty B
25.07.2020;Claretha C
25.07.2020;Dwayne D
01.08.2020;Enoch E
01.08.2020;Fermina F
01.08.2020;Gretchen G
01.08.2020;Hansi H
08.08.2020;Isebel I
08.08.2020;Justina J
08.08.2020;Karl K
08.08.2020;Lera L
15.08.2020;Miguelina M
15.08.2020;Nagini N
15.08.2020;Ostara O
15.08.2020;Pamella P
22.08.2020;Quentin Q
22.08.2020;Rea R
22.08.2020;Shenita S
22.08.2020;Twyla T
29.08.2020;Ulf U
29.08.2020;Vera V
29.08.2020;Walter W
29.08.2020;Xander X
05.09.2020;Yara Y
05.09.2020;Zulu Z
05.09.2020;Altagracia A
05.09.2020;Barty B
12.09.2020;Claretha C
12.09.2020;Dwayne D
12.09.2020;Enoch E
12.09.2020;Fermina F
19.09.2020;Gretchen G
19.09.2020;Hansi H
19.09.2020;Isebel I
19.09.2020;Justina J
26.09.2020;Karl K
26.09.2020;Lera L
26.09.2020;Miguelina M
26.09.2020;Nagini N
03.10.2020;Ostara O
03.10.2020;Pamella P
03.10.2020;Quentin Q
03.10.2020;Rea R
10.10.2020;Shenita S
10.10.2020;Twyla T
10.10.2020;Ulf U
10.10.2020;Vera V
17.10.2020;Walter W
17.10.2020;Xander X
17.10.2020;Yara Y
17.10.2020;Zulu Z
24.10.2020;Altagracia A
24.10.2020;Barty B
24.10.2020;Claretha C
24.10.2020;Dwayne D
31.10.2020;Enoch E
31.10.2020;Fermina F
31.10.2020;Gretchen G
31.10.2020;Hansi H
07.11.2020;Isebel I
07.11.2020;Justina J
07.11.2020;Karl K
07.11.2020;Lera L
14.11.2020;Miguelina M
14.11.2020;Nagini N
14.11.2020;Ostara O
14.11.2020;Pamella P
21.11.2020;Quentin Q
21.11.2020;Rea R
21.11.2020;Shenita S
21.11.2020;Twyla T
28.11.2020;Ulf U
28.11.2020;Vera V
28.11.2020;Walter W
28.11.2020;Xander X
05.12.2020;Yara Y
05.12.2020;Zulu Z
05.12.2020;Altagracia A
05.12.2020;Barty B
12.12.2020;Claretha C
12.12.2020;Dwayne D
12.12.2020;Enoch E
12.12.2020;Fermina F
19.12.2020;Gretchen G
19.12.2020;Hansi H
19.12.2020;Isebel I
19.12.2020;Justina J
26.12.2020;Karl K
26.12.2020;Lera L
26.12.2020;Miguelina M
26.12.2020;Nagini N
02.01.2021;Ostara O
02.01.2021;Pamella P
02.01.2021;Quentin Q
02.01.2021;Rea R
09.01.2021;Shenita S
09.01.2021;Twyla T
09.01.2021;Ulf U
09.01.2021;Vera V
16.01.2021;Walter W
16.01.2021;Xander X
16.01.2021;Yara Y
16.01.2021;Zulu Z
23.01.2021;Altagracia A
23.01.2021;Barty B
23.01.2021;Claretha C
23.01.2021;Dwayne D
30.01.2021;Enoch E
30.01.2021;Fermina F
30.01.2021;Gretchen G
30.01.2021;Hansi H
06.02.2021;Isebel I
06.02.2021;Justina J
06.02.2021;Karl K
06.02.2021;Lera L
13.02.2021;Miguelina M
13.02.2021;Nagini N
13.02.2021;Ostara O
13.02.2021;Pamella P
20.02.2021;Quentin Q
20.02.2021;Rea R
20.02.2021;Shenita S
20.02.2021;Twyla T
27.02.2021;Ulf U
27.02.2021;Vera V
27.02.2021;Walter W
27.02.2021;Xander X
06.03.2021;Yara Y
06.03.2021;Zulu Z
06.03.2021;Altagracia A
06.03.2021;Barty B
13.03.2021;Claretha C
13.03.2021;Dwayne D
13.03.2021;Enoch E
13.03.2021;Fermina F
20.03.2021;Gretchen G
20.03.2021;Hansi H
20.03.2021;Isebel I
20.03.2021;Justina J
